Price,Close
Ticker,CLS.TO
Date,
2007-01-02,9.100000381469727
2007-01-03,9.039999961853027
2007-01-04,9.479999542236328
2007-01-05,9.149999618530273
2007-01-08,9.3100004196167
2007-01-09,9.350000381469727
2007-01-10,9.239999771118164
2007-01-11,9.25
2007-01-12,9.25
2007-01-15,9.279999732971191
2007-01-16,9.329999923706055
2007-01-17,9.40999984741211
2007-01-18,9.260000228881836
2007-01-19,9.279999732971191
2007-01-22,9.319999694824219
2007-01-23,9.220000267028809
2007-01-24,9.300000190734863
2007-01-25,9.1899995803833
2007-01-26,9.130000114440918
2007-01-29,9.010000228881836
2007-01-30,9.119999885559082
2007-01-31,6.980000019073486
2007-02-01,7.099999904632568
2007-02-02,7.400000095367432
2007-02-05,7.71999979019165
2007-02-06,7.670000076293945
2007-02-07,7.630000114440918
2007-02-08,7.510000228881836
2007-02-09,7.429999828338623
2007-02-12,7.190000057220459
2007-02-13,7.340000152587891
2007-02-14,7.440000057220459
2007-02-15,7.5
2007-02-16,7.449999809265137
2007-02-19,7.46999979019165
2007-02-20,7.630000114440918
2007-02-21,7.639999866485596
2007-02-22,7.690000057220459
2007-02-23,7.730000019073486
2007-02-26,7.71999979019165
2007-02-27,7.699999809265137
2007-02-28,7.349999904632568
2007-03-01,7.199999809265137
2007-03-02,7.320000171661377
2007-03-05,7.210000038146973
2007-03-06,7.349999904632568
2007-03-07,7.25
2007-03-08,7.360000133514404
2007-03-09,7.360000133514404
2007-03-12,7.369999885559082
2007-03-13,7.150000095367432
2007-03-14,7.25
2007-03-15,7.230000019073486
2007-03-16,7.199999809265137
2007-03-19,7.179999828338623
2007-03-20,7.099999904632568
2007-03-21,7.150000095367432
2007-03-22,7.099999904632568
2007-03-23,6.96999979019165
2007-03-26,6.900000095367432
2007-03-27,6.949999809265137
2007-03-28,6.980000019073486
2007-03-29,6.949999809265137
2007-03-30,7.050000190734863
2007-04-02,7.329999923706055
2007-04-03,7.320000171661377
2007-04-04,7.269999980926514
2007-04-05,7.409999847412109
2007-04-09,7.289999961853027
2007-04-10,7.25
2007-04-11,7.170000076293945
2007-04-12,7.239999771118164
2007-04-13,7.25
2007-04-16,7.349999904632568
2007-04-17,7.300000190734863
2007-04-18,7.489999771118164
2007-04-19,7.349999904632568
2007-04-20,7.300000190734863
2007-04-23,7.300000190734863
2007-04-24,7.420000076293945
2007-04-25,7.25
2007-04-26,7.230000019073486
2007-04-27,7.519999980926514
2007-04-30,7.429999828338623
2007-05-01,7.550000190734863
2007-05-02,7.869999885559082
2007-05-03,7.800000190734863
2007-05-04,7.760000228881836
2007-05-07,7.639999866485596
2007-05-08,7.639999866485596
2007-05-09,7.690000057220459
2007-05-10,7.489999771118164
2007-05-11,7.519999980926514
2007-05-14,7.389999866485596
2007-05-15,7.309999942779541
2007-05-16,7.230000019073486
2007-05-17,7.170000076293945
2007-05-18,7.159999847412109
2007-05-22,7.170000076293945
2007-05-23,7.170000076293945
2007-05-24,7.170000076293945
2007-05-25,7.190000057220459
2007-05-28,7.170000076293945
2007-05-29,7.130000114440918
2007-05-30,7.099999904632568
2007-05-31,7.0
2007-06-01,7.0
2007-06-04,7.510000228881836
2007-06-05,7.369999885559082
2007-06-06,7.289999961853027
2007-06-07,7.150000095367432
2007-06-08,7.090000152587891
2007-06-11,7.090000152587891
2007-06-12,7.0
2007-06-13,7.0
2007-06-14,6.960000038146973
2007-06-15,6.96999979019165
2007-06-18,6.949999809265137
2007-06-19,6.849999904632568
2007-06-20,6.889999866485596
2007-06-21,6.949999809265137
2007-06-22,7.0
2007-06-25,6.980000019073486
2007-06-26,6.849999904632568
2007-06-27,6.840000152587891
2007-06-28,6.800000190734863
2007-06-29,6.71999979019165
2007-07-03,6.710000038146973
2007-07-04,6.849999904632568
2007-07-05,6.730000019073486
2007-07-06,6.78000020980835
2007-07-09,6.769999980926514
2007-07-10,6.730000019073486
2007-07-11,6.71999979019165
2007-07-12,6.659999847412109
2007-07-13,6.659999847412109
2007-07-16,6.590000152587891
2007-07-17,6.559999942779541
2007-07-18,6.510000228881836
2007-07-19,6.5
2007-07-20,6.409999847412109
2007-07-23,6.309999942779541
2007-07-24,6.079999923706055
2007-07-25,6.170000076293945
2007-07-26,5.920000076293945
2007-07-27,6.150000095367432
2007-07-30,6.269999980926514
2007-07-31,6.269999980926514
2007-08-01,6.260000228881836
2007-08-02,6.179999828338623
2007-08-03,5.860000133514404
2007-08-07,5.789999961853027
2007-08-08,5.909999847412109
2007-08-09,5.820000171661377
2007-08-10,5.829999923706055
2007-08-13,5.840000152587891
2007-08-14,5.820000171661377
2007-08-15,5.849999904632568
2007-08-16,5.78000020980835
2007-08-17,5.789999961853027
2007-08-20,5.75
2007-08-21,5.71999979019165
2007-08-22,5.789999961853027
2007-08-23,5.769999980926514
2007-08-24,5.760000228881836
2007-08-27,5.75
2007-08-28,5.739999771118164
2007-08-29,5.900000095367432
2007-08-30,6.019999980926514
2007-08-31,6.289999961853027
2007-09-04,6.269999980926514
2007-09-05,6.28000020980835
2007-09-06,6.460000038146973
2007-09-07,6.329999923706055
2007-09-10,6.300000190734863
2007-09-11,6.289999961853027
2007-09-12,5.989999771118164
2007-09-13,6.070000171661377
2007-09-14,6.130000114440918
2007-09-17,6.070000171661377
2007-09-18,6.139999866485596
2007-09-19,6.090000152587891
2007-09-20,6.079999923706055
2007-09-21,6.019999980926514
2007-09-24,6.050000190734863
2007-09-25,6.070000171661377
2007-09-26,6.03000020980835
2007-09-27,6.110000133514404
2007-09-28,6.059999942779541
2007-10-01,6.320000171661377
2007-10-02,6.380000114440918
2007-10-03,6.150000095367432
2007-10-04,6.21999979019165
2007-10-05,6.340000152587891
2007-10-09,6.429999828338623
2007-10-10,6.320000171661377
2007-10-11,6.590000152587891
2007-10-12,6.949999809265137
2007-10-15,6.949999809265137
2007-10-16,6.800000190734863
2007-10-17,6.940000057220459
2007-10-18,6.940000057220459
2007-10-19,6.699999809265137
2007-10-22,6.670000076293945
2007-10-23,6.619999885559082
2007-10-24,6.380000114440918
2007-10-25,6.28000020980835
2007-10-26,6.449999809265137
2007-10-29,6.420000076293945
2007-10-30,6.400000095367432
2007-10-31,6.300000190734863
2007-11-01,6.460000038146973
2007-11-02,6.570000171661377
2007-11-05,6.679999828338623
2007-11-06,6.659999847412109
2007-11-07,6.630000114440918
2007-11-08,6.440000057220459
2007-11-09,6.210000038146973
2007-11-12,6.210000038146973
2007-11-13,6.260000228881836
2007-11-14,6.25
2007-11-15,6.409999847412109
2007-11-16,6.039999961853027
2007-11-19,5.789999961853027
2007-11-20,5.840000152587891
2007-11-21,5.920000076293945
2007-11-22,6.079999923706055
2007-11-23,6.099999904632568
2007-11-26,5.960000038146973
2007-11-27,5.929999828338623
2007-11-28,5.909999847412109
2007-11-29,6.170000076293945
2007-11-30,5.710000038146973
2007-12-03,5.769999980926514
2007-12-04,5.730000019073486
2007-12-05,5.71999979019165
2007-12-06,5.849999904632568
2007-12-07,5.769999980926514
2007-12-10,5.789999961853027
2007-12-11,5.679999828338623
2007-12-12,5.889999866485596
2007-12-13,5.880000114440918
2007-12-14,5.820000171661377
2007-12-17,5.75
2007-12-18,5.829999923706055
2007-12-19,5.75
2007-12-20,5.690000057220459
2007-12-21,5.849999904632568
2007-12-24,5.880000114440918
2007-12-27,5.75
2007-12-28,5.75
2007-12-31,5.789999961853027
2008-01-02,5.730000019073486
2008-01-03,5.619999885559082
2008-01-04,5.5
2008-01-07,5.550000190734863
2008-01-08,5.409999847412109
2008-01-09,5.329999923706055
2008-01-10,5.489999771118164
2008-01-11,5.380000114440918
2008-01-14,5.46999979019165
2008-01-15,5.369999885559082
2008-01-16,5.170000076293945
2008-01-17,5.050000190734863
2008-01-18,5.139999866485596
2008-01-21,4.909999847412109
2008-01-22,5.150000095367432
2008-01-23,5.190000057220459
2008-01-24,5.170000076293945
2008-01-25,5.28000020980835
2008-01-28,5.320000171661377
2008-01-29,5.300000190734863
2008-01-30,5.360000133514404
2008-01-31,5.849999904632568
2008-02-01,6.610000133514404
2008-02-04,6.510000228881836
2008-02-05,6.489999771118164
2008-02-06,6.190000057220459
2008-02-07,6.269999980926514
2008-02-08,6.309999942779541
2008-02-11,6.599999904632568
2008-02-12,6.630000114440918
2008-02-13,6.820000171661377
2008-02-14,6.400000095367432
2008-02-15,6.389999866485596
2008-02-19,6.550000190734863
2008-02-20,6.619999885559082
2008-02-21,6.449999809265137
2008-02-22,6.5
2008-02-25,6.519999980926514
2008-02-26,6.519999980926514
2008-02-27,6.670000076293945
2008-02-28,6.75
2008-02-29,6.429999828338623
2008-03-03,6.769999980926514
2008-03-04,6.659999847412109
2008-03-05,6.659999847412109
2008-03-06,6.320000171661377
2008-03-07,6.460000038146973
2008-03-10,6.320000171661377
2008-03-11,6.409999847412109
2008-03-12,6.320000171661377
2008-03-13,6.150000095367432
2008-03-14,6.300000190734863
2008-03-17,6.46999979019165
2008-03-18,6.710000038146973
2008-03-19,6.409999847412109
2008-03-20,6.599999904632568
2008-03-24,6.949999809265137
2008-03-25,6.880000114440918
2008-03-26,6.579999923706055
2008-03-27,6.800000190734863
2008-03-28,6.78000020980835
2008-03-31,6.960000038146973
2008-04-01,7.190000057220459
2008-04-02,7.170000076293945
2008-04-03,7.199999809265137
2008-04-04,7.130000114440918
2008-04-07,7.099999904632568
2008-04-08,7.210000038146973
2008-04-09,7.25
2008-04-10,7.489999771118164
2008-04-11,7.199999809265137
2008-04-14,7.119999885559082
2008-04-15,6.670000076293945
2008-04-16,6.809999942779541
2008-04-17,7.03000020980835
2008-04-18,7.150000095367432
2008-04-21,6.980000019073486
2008-04-22,6.730000019073486
2008-04-23,6.650000095367432
2008-04-24,8.949999809265137
2008-04-25,8.770000457763672
2008-04-28,9.0600004196167
2008-04-29,9.09000015258789
2008-04-30,9.460000038146973
2008-05-01,9.529999732971191
2008-05-02,9.380000114440918
2008-05-05,9.680000305175781
2008-05-06,9.680000305175781
2008-05-07,9.600000381469727
2008-05-08,9.600000381469727
2008-05-09,8.890000343322754
2008-05-12,9.600000381469727
2008-05-13,9.34000015258789
2008-05-14,9.289999961853027
2008-05-15,9.5
2008-05-16,9.680000305175781
2008-05-20,9.5
2008-05-21,9.550000190734863
2008-05-22,9.229999542236328
2008-05-23,9.199999809265137
2008-05-26,9.399999618530273
2008-05-27,9.300000190734863
2008-05-28,9.350000381469727
2008-05-29,9.359999656677246
2008-05-30,8.779999732971191
2008-06-02,8.789999961853027
2008-06-03,8.890000343322754
2008-06-04,9.210000038146973
2008-06-05,9.15999984741211
2008-06-06,8.680000305175781
2008-06-09,8.649999618530273
2008-06-10,8.729999542236328
2008-06-11,8.890000343322754
2008-06-12,8.890000343322754
2008-06-13,9.1899995803833
2008-06-16,9.40999984741211
2008-06-17,8.930000305175781
2008-06-18,9.210000038146973
2008-06-19,9.180000305175781
2008-06-20,8.649999618530273
2008-06-23,8.6899995803833
2008-06-24,8.899999618530273
2008-06-25,8.949999809265137
2008-06-26,8.9399995803833
2008-06-27,8.5
2008-06-30,8.579999923706055
2008-07-02,8.350000381469727
2008-07-03,8.260000228881836
2008-07-04,8.1899995803833
2008-07-07,8.289999961853027
2008-07-08,8.550000190734863
2008-07-09,8.640000343322754
2008-07-10,8.569999694824219
2008-07-11,8.449999809265137
2008-07-14,8.25
2008-07-15,8.050000190734863
2008-07-16,8.300000190734863
2008-07-17,8.670000076293945
2008-07-18,8.630000114440918
2008-07-21,8.369999885559082
2008-07-22,8.050000190734863
2008-07-23,8.40999984741211
2008-07-24,8.630000114440918
2008-07-25,8.130000114440918
2008-07-28,8.130000114440918
2008-07-29,8.34000015258789
2008-07-30,8.319999694824219
2008-07-31,8.100000381469727
2008-08-01,8.069999694824219
2008-08-05,8.100000381469727
2008-08-06,8.640000343322754
2008-08-07,8.600000381469727
2008-08-08,8.9399995803833
2008-08-11,8.920000076293945
2008-08-12,9.029999732971191
2008-08-13,9.140000343322754
2008-08-14,9.079999923706055
2008-08-15,9.010000228881836
2008-08-18,8.949999809265137
2008-08-19,8.479999542236328
2008-08-20,8.5600004196167
2008-08-21,8.5
2008-08-22,8.579999923706055
2008-08-25,8.5
2008-08-26,8.479999542236328
2008-08-27,8.649999618530273
2008-08-28,8.880000114440918
2008-08-29,8.989999771118164
2008-09-02,8.619999885559082
2008-09-03,8.75
2008-09-04,8.0600004196167
2008-09-05,8.140000343322754
2008-09-08,8.390000343322754
2008-09-09,7.869999885559082
2008-09-10,7.949999809265137
2008-09-11,8.09000015258789
2008-09-12,8.0600004196167
2008-09-15,7.96999979019165
2008-09-16,7.900000095367432
2008-09-17,7.480000019073486
2008-09-18,7.210000038146973
2008-09-19,7.869999885559082
2008-09-22,6.800000190734863
2008-09-23,7.070000171661377
2008-09-24,7.289999961853027
2008-09-25,7.300000190734863
2008-09-26,6.880000114440918
2008-09-29,6.510000228881836
2008-09-30,6.659999847412109
2008-10-01,6.619999885559082
2008-10-02,6.690000057220459
2008-10-03,6.119999885559082
2008-10-06,5.550000190734863
2008-10-07,5.389999866485596
2008-10-08,5.800000190734863
2008-10-09,5.739999771118164
2008-10-10,5.849999904632568
2008-10-14,5.699999809265137
2008-10-15,5.550000190734863
2008-10-16,5.03000020980835
2008-10-17,5.269999980926514
2008-10-20,5.269999980926514
2008-10-21,5.010000228881836
2008-10-22,4.71999979019165
2008-10-23,4.679999828338623
2008-10-24,5.329999923706055
2008-10-27,4.960000038146973
2008-10-28,4.949999809265137
2008-10-29,5.090000152587891
2008-10-30,5.869999885559082
2008-10-31,5.829999923706055
2008-11-03,6.050000190734863
2008-11-04,6.039999961853027
2008-11-05,5.739999771118164
2008-11-06,5.739999771118164
2008-11-07,5.710000038146973
2008-11-10,5.210000038146973
2008-11-11,5.050000190734863
2008-11-12,5.099999904632568
2008-11-13,5.489999771118164
2008-11-14,5.159999847412109
2008-11-17,4.860000133514404
2008-11-18,5.099999904632568
2008-11-19,4.590000152587891
2008-11-20,4.309999942779541
2008-11-21,4.989999771118164
2008-11-24,4.840000152587891
2008-11-25,4.840000152587891
2008-11-26,5.610000133514404
2008-11-27,5.710000038146973
2008-11-28,6.900000095367432
2008-12-01,5.900000095367432
2008-12-02,6.21999979019165
2008-12-03,6.949999809265137
2008-12-04,6.210000038146973
2008-12-05,6.079999923706055
2008-12-08,6.900000095367432
2008-12-09,6.409999847412109
2008-12-10,6.650000095367432
2008-12-11,6.070000171661377
2008-12-12,6.179999828338623
2008-12-15,5.699999809265137
2008-12-16,5.889999866485596
2008-12-17,5.760000228881836
2008-12-18,5.199999809265137
2008-12-19,5.369999885559082
2008-12-22,5.139999866485596
2008-12-23,4.929999828338623
2008-12-24,4.760000228881836
2008-12-29,4.940000057220459
2008-12-30,5.190000057220459
2008-12-31,5.650000095367432
2009-01-02,5.690000057220459
2009-01-05,5.889999866485596
2009-01-06,5.699999809265137
2009-01-07,5.510000228881836
2009-01-08,5.449999809265137
2009-01-09,5.5
2009-01-12,5.46999979019165
2009-01-13,5.980000019073486
2009-01-14,5.610000133514404
2009-01-15,5.579999923706055
2009-01-16,5.570000171661377
2009-01-19,5.71999979019165
2009-01-20,5.599999904632568
2009-01-21,5.679999828338623
2009-01-22,5.789999961853027
2009-01-23,5.670000076293945
2009-01-26,5.440000057220459
2009-01-27,5.289999961853027
2009-01-28,5.309999942779541
2009-01-29,5.349999904632568
2009-01-30,5.369999885559082
2009-02-02,5.130000114440918
2009-02-03,4.900000095367432
2009-02-04,4.929999828338623
2009-02-05,5.21999979019165
2009-02-06,5.150000095367432
2009-02-09,5.190000057220459
2009-02-10,5.150000095367432
2009-02-11,5.0
2009-02-12,4.989999771118164
2009-02-13,4.849999904632568
2009-02-17,4.78000020980835
2009-02-18,4.579999923706055
2009-02-19,4.590000152587891
2009-02-20,4.320000171661377
2009-02-23,3.940000057220459
2009-02-24,4.039999961853027
2009-02-25,3.9000000953674316
2009-02-26,4.019999980926514
2009-02-27,4.0
2009-03-02,4.050000190734863
2009-03-03,3.869999885559082
2009-03-04,4.0
2009-03-05,3.7100000381469727
2009-03-06,3.6700000762939453
2009-03-09,3.4100000858306885
2009-03-10,3.6500000953674316
2009-03-11,3.5899999141693115
2009-03-12,3.869999885559082
2009-03-13,3.8299999237060547
2009-03-16,3.859999895095825
2009-03-17,3.8299999237060547
2009-03-18,3.7200000286102295
2009-03-19,3.5299999713897705
2009-03-20,3.7799999713897705
2009-03-23,3.940000057220459
2009-03-24,3.880000114440918
2009-03-25,4.349999904632568
2009-03-26,4.860000133514404
2009-03-27,4.510000228881836
2009-03-30,4.579999923706055
2009-03-31,4.449999809265137
2009-04-01,4.78000020980835
2009-04-02,4.650000095367432
2009-04-03,5.159999847412109
2009-04-06,5.380000114440918
2009-04-07,5.429999828338623
2009-04-08,5.690000057220459
2009-04-09,5.699999809265137
2009-04-13,5.559999942779541
2009-04-14,5.570000171661377
2009-04-15,5.449999809265137
2009-04-16,5.75
2009-04-17,6.0
2009-04-20,5.519999980926514
2009-04-21,5.949999809265137
2009-04-22,5.679999828338623
2009-04-23,6.420000076293945
2009-04-24,6.880000114440918
2009-04-27,6.949999809265137
2009-04-28,7.179999828338623
2009-04-29,7.409999847412109
2009-04-30,7.179999828338623
2009-05-01,7.320000171661377
2009-05-04,7.630000114440918
2009-05-05,7.599999904632568
2009-05-06,7.449999809265137
2009-05-07,7.369999885559082
2009-05-08,7.260000228881836
2009-05-11,7.139999866485596
2009-05-12,6.679999828338623
2009-05-13,6.650000095367432
2009-05-14,6.849999904632568
2009-05-15,6.980000019073486
2009-05-19,7.46999979019165
2009-05-20,7.409999847412109
2009-05-21,7.119999885559082
2009-05-22,6.96999979019165
2009-05-25,6.929999828338623
2009-05-26,7.139999866485596
2009-05-27,7.269999980926514
2009-05-28,7.150000095367432
2009-05-29,7.150000095367432
2009-06-01,8.069999694824219
2009-06-02,7.559999942779541
2009-06-03,7.489999771118164
2009-06-04,7.559999942779541
2009-06-05,8.359999656677246
2009-06-08,8.229999542236328
2009-06-09,8.600000381469727
2009-06-10,7.909999847412109
2009-06-11,8.140000343322754
2009-06-12,8.199999809265137
2009-06-15,7.920000076293945
2009-06-16,7.710000038146973
2009-06-17,7.480000019073486
2009-06-18,7.71999979019165
2009-06-19,7.460000038146973
2009-06-22,7.329999923706055
2009-06-23,7.360000133514404
2009-06-24,7.699999809265137
2009-06-25,8.0
2009-06-26,7.820000171661377
2009-06-29,7.760000228881836
2009-06-30,7.880000114440918
2009-07-02,7.670000076293945
2009-07-03,7.650000095367432
2009-07-06,7.519999980926514
2009-07-07,7.340000152587891
2009-07-08,7.230000019073486
2009-07-09,7.360000133514404
2009-07-10,7.389999866485596
2009-07-13,7.610000133514404
2009-07-14,7.78000020980835
2009-07-15,8.460000038146973
2009-07-16,8.520000457763672
2009-07-17,8.390000343322754
2009-07-20,8.619999885559082
2009-07-21,8.579999923706055
2009-07-22,8.649999618530273
2009-07-23,8.890000343322754
2009-07-24,8.479999542236328
2009-07-27,8.34000015258789
2009-07-28,8.229999542236328
2009-07-29,8.5
2009-07-30,8.59000015258789
2009-07-31,8.600000381469727
2009-08-04,8.75
2009-08-05,8.890000343322754
2009-08-06,8.84000015258789
2009-08-07,8.899999618530273
2009-08-10,8.899999618530273
2009-08-11,8.930000305175781
2009-08-12,8.949999809265137
2009-08-13,8.9399995803833
2009-08-14,8.890000343322754
2009-08-17,8.550000190734863
2009-08-18,8.960000038146973
2009-08-19,8.850000381469727
2009-08-20,8.890000343322754
2009-08-21,9.600000381469727
2009-08-24,9.210000038146973
2009-08-25,9.390000343322754
2009-08-26,9.609999656677246
2009-08-27,9.380000114440918
2009-08-28,9.489999771118164
2009-08-31,9.3100004196167
2009-09-01,9.390000343322754
2009-09-02,9.609999656677246
2009-09-03,10.029999732971191
2009-09-04,10.09000015258789
2009-09-08,10.029999732971191
2009-09-09,10.15999984741211
2009-09-10,10.199999809265137
2009-09-11,10.239999771118164
2009-09-14,10.229999542236328
2009-09-15,10.529999732971191
2009-09-16,10.800000190734863
2009-09-17,10.399999618530273
2009-09-18,10.5
2009-09-21,10.529999732971191
2009-09-22,10.0
2009-09-23,9.84000015258789
2009-09-24,9.869999885559082
2009-09-25,9.399999618530273
2009-09-28,9.90999984741211
2009-09-29,9.640000343322754
2009-09-30,10.199999809265137
2009-10-01,9.600000381469727
2009-10-02,9.59000015258789
2009-10-05,9.75
2009-10-06,9.739999771118164
2009-10-07,9.899999618530273
2009-10-08,9.920000076293945
2009-10-09,9.899999618530273
2009-10-13,9.789999961853027
2009-10-14,10.069999694824219
2009-10-15,9.789999961853027
2009-10-16,9.770000457763672
2009-10-19,9.670000076293945
2009-10-20,9.670000076293945
2009-10-21,9.460000038146973
2009-10-22,9.649999618530273
2009-10-23,8.960000038146973
2009-10-26,9.210000038146973
2009-10-27,8.779999732971191
2009-10-28,8.550000190734863
2009-10-29,9.109999656677246
2009-10-30,8.920000076293945
2009-11-02,8.829999923706055
2009-11-03,8.800000190734863
2009-11-04,8.539999961853027
2009-11-05,8.819999694824219
2009-11-06,9.0
2009-11-09,9.210000038146973
2009-11-10,9.260000228881836
2009-11-11,9.59000015258789
2009-11-12,9.260000228881836
2009-11-13,9.220000267028809
2009-11-16,9.329999923706055
2009-11-17,9.350000381469727
2009-11-18,9.289999961853027
2009-11-19,9.0
2009-11-20,9.180000305175781
2009-11-23,9.140000343322754
2009-11-24,8.880000114440918
2009-11-25,9.029999732971191
2009-11-26,8.8100004196167
2009-11-27,8.84000015258789
2009-11-30,8.579999923706055
2009-12-01,8.760000228881836
2009-12-02,8.670000076293945
2009-12-03,8.569999694824219
2009-12-04,8.84000015258789
2009-12-07,8.890000343322754
2009-12-08,8.770000457763672
2009-12-09,8.760000228881836
2009-12-10,8.65999984741211
2009-12-11,8.779999732971191
2009-12-14,8.760000228881836
2009-12-15,8.829999923706055
2009-12-16,9.069999694824219
2009-12-17,9.0
2009-12-18,9.369999885559082
2009-12-21,9.449999809265137
2009-12-22,9.729999542236328
2009-12-23,9.949999809265137
2009-12-24,10.130000114440918
2009-12-29,10.039999961853027
2009-12-30,10.0
2009-12-31,9.960000038146973
2010-01-04,10.270000457763672
2010-01-05,9.949999809265137
2010-01-06,10.100000381469727
2010-01-07,10.09000015258789
2010-01-08,10.15999984741211
2010-01-11,10.1899995803833
2010-01-12,10.050000190734863
2010-01-13,10.050000190734863
2010-01-14,10.050000190734863
2010-01-15,10.039999961853027
2010-01-18,10.0
2010-01-19,10.149999618530273
2010-01-20,9.979999542236328
2010-01-21,9.989999771118164
2010-01-22,9.630000114440918
2010-01-25,9.859999656677246
2010-01-26,10.399999618530273
2010-01-27,10.539999961853027
2010-01-28,10.520000457763672
2010-01-29,10.4399995803833
2010-02-01,10.770000457763672
2010-02-02,11.279999732971191
2010-02-03,11.100000381469727
2010-02-04,10.630000114440918
2010-02-05,10.710000038146973
2010-02-08,10.680000305175781
2010-02-09,10.960000038146973
2010-02-10,10.640000343322754
2010-02-11,10.789999961853027
2010-02-12,10.970000267028809
2010-02-16,11.039999961853027
2010-02-17,10.970000267028809
2010-02-18,11.180000305175781
2010-02-19,11.0600004196167
2010-02-22,11.119999885559082
2010-02-23,11.0
2010-02-24,10.979999542236328
2010-02-25,10.90999984741211
2010-02-26,10.729999542236328
2010-03-01,11.039999961853027
2010-03-02,11.350000381469727
2010-03-03,11.279999732971191
2010-03-04,11.229999542236328
2010-03-05,11.199999809265137
2010-03-08,11.010000228881836
2010-03-09,11.09000015258789
2010-03-10,11.0
2010-03-11,10.920000076293945
2010-03-12,11.029999732971191
2010-03-15,10.920000076293945
2010-03-16,10.949999809265137
2010-03-17,10.979999542236328
2010-03-18,10.989999771118164
2010-03-19,10.829999923706055
2010-03-22,10.90999984741211
2010-03-23,11.40999984741211
2010-03-24,11.050000190734863
2010-03-25,11.149999618530273
2010-03-26,11.100000381469727
2010-03-29,11.34000015258789
2010-03-30,11.390000343322754
2010-03-31,11.100000381469727
2010-04-01,10.850000381469727
2010-04-05,10.979999542236328
2010-04-06,10.84000015258789
2010-04-07,10.970000267028809
2010-04-08,10.949999809265137
2010-04-09,10.960000038146973
2010-04-12,10.949999809265137
2010-04-13,10.6899995803833
2010-04-14,10.8100004196167
2010-04-15,10.880000114440918
2010-04-16,11.010000228881836
2010-04-19,10.970000267028809
2010-04-20,10.930000305175781
2010-04-21,10.420000076293945
2010-04-22,10.550000190734863
2010-04-23,10.890000343322754
2010-04-26,10.630000114440918
2010-04-27,10.4399995803833
2010-04-28,10.25
2010-04-29,10.390000343322754
2010-04-30,10.020000457763672
2010-05-03,10.029999732971191
2010-05-04,9.989999771118164
2010-05-05,10.119999885559082
2010-05-06,9.760000228881836
2010-05-07,9.65999984741211
2010-05-10,10.010000228881836
2010-05-11,9.619999885559082
2010-05-12,10.119999885559082
2010-05-13,9.890000343322754
2010-05-14,9.770000457763672
2010-05-17,9.710000038146973
2010-05-18,9.630000114440918
2010-05-19,9.5
2010-05-20,9.399999618530273
2010-05-21,9.430000305175781
2010-05-25,9.359999656677246
2010-05-26,9.359999656677246
2010-05-27,9.739999771118164
2010-05-28,9.829999923706055
2010-05-31,9.6899995803833
2010-06-01,9.390000343322754
2010-06-02,9.479999542236328
2010-06-03,9.510000228881836
2010-06-04,9.170000076293945
2010-06-07,9.069999694824219
2010-06-08,8.859999656677246
2010-06-09,9.0
2010-06-10,9.130000114440918
2010-06-11,9.039999961853027
2010-06-14,9.180000305175781
2010-06-15,9.279999732971191
2010-06-16,9.149999618530273
2010-06-17,9.039999961853027
2010-06-18,9.369999885559082
2010-06-21,9.270000457763672
2010-06-22,9.119999885559082
2010-06-23,9.300000190734863
2010-06-24,9.100000381469727
2010-06-25,9.210000038146973
2010-06-28,9.020000457763672
2010-06-29,8.609999656677246
2010-06-30,8.600000381469727
2010-07-02,8.479999542236328
2010-07-05,8.479999542236328
2010-07-06,8.550000190734863
2010-07-07,8.5600004196167
2010-07-08,8.770000457763672
2010-07-09,8.75
2010-07-12,8.800000190734863
2010-07-13,9.109999656677246
2010-07-14,9.25
2010-07-15,9.319999694824219
2010-07-16,9.029999732971191
2010-07-19,9.100000381469727
2010-07-20,9.029999732971191
2010-07-21,9.149999618530273
2010-07-22,9.40999984741211
2010-07-23,9.100000381469727
2010-07-26,9.15999984741211
2010-07-27,9.0
2010-07-28,9.010000228881836
2010-07-29,9.0
2010-07-30,9.140000343322754
2010-08-03,9.270000457763672
2010-08-04,9.239999771118164
2010-08-05,9.0600004196167
2010-08-06,9.010000228881836
2010-08-09,9.149999618530273
2010-08-10,8.869999885559082
2010-08-11,8.640000343322754
2010-08-12,8.460000038146973
2010-08-13,8.4399995803833
2010-08-16,8.329999923706055
2010-08-17,8.460000038146973
2010-08-18,8.350000381469727
2010-08-19,8.239999771118164
2010-08-20,8.460000038146973
2010-08-23,8.479999542236328
2010-08-24,8.0600004196167
2010-08-25,8.15999984741211
2010-08-26,8.210000038146973
2010-08-27,8.229999542236328
2010-08-30,8.15999984741211
2010-08-31,8.039999961853027
2010-09-01,8.130000114440918
2010-09-02,8.359999656677246
2010-09-03,8.40999984741211
2010-09-07,8.279999732971191
2010-09-08,8.260000228881836
2010-09-09,8.289999961853027
2010-09-10,8.180000305175781
2010-09-13,8.170000076293945
2010-09-14,8.350000381469727
2010-09-15,8.239999771118164
2010-09-16,8.140000343322754
2010-09-17,8.220000267028809
2010-09-20,8.350000381469727
2010-09-21,8.359999656677246
2010-09-22,8.34000015258789
2010-09-23,8.239999771118164
2010-09-24,8.369999885559082
2010-09-27,8.800000190734863
2010-09-28,8.710000038146973
2010-09-29,8.869999885559082
2010-09-30,8.640000343322754
2010-10-01,8.630000114440918
2010-10-04,8.579999923706055
2010-10-05,8.84000015258789
2010-10-06,8.779999732971191
2010-10-07,8.6899995803833
2010-10-08,8.649999618530273
2010-10-12,8.6899995803833
2010-10-13,8.9399995803833
2010-10-14,8.640000343322754
2010-10-15,8.739999771118164
2010-10-18,8.729999542236328
2010-10-19,8.640000343322754
2010-10-20,8.699999809265137
2010-10-21,8.680000305175781
2010-10-22,8.65999984741211
2010-10-25,8.800000190734863
2010-10-26,9.1899995803833
2010-10-27,9.079999923706055
2010-10-28,8.59000015258789
2010-10-29,8.59000015258789
2010-11-01,8.710000038146973
2010-11-02,8.819999694824219
2010-11-03,9.0600004196167
2010-11-04,9.100000381469727
2010-11-05,9.15999984741211
2010-11-08,9.329999923706055
2010-11-09,9.180000305175781
2010-11-10,9.25
2010-11-11,8.949999809265137
2010-11-12,8.850000381469727
2010-11-15,8.979999542236328
2010-11-16,8.9399995803833
2010-11-17,8.880000114440918
2010-11-18,8.979999542236328
2010-11-19,9.079999923706055
2010-11-22,9.050000190734863
2010-11-23,9.180000305175781
2010-11-24,9.039999961853027
2010-11-25,9.109999656677246
2010-11-26,9.069999694824219
2010-11-29,9.100000381469727
2010-11-30,9.130000114440918
2010-12-01,9.170000076293945
2010-12-02,9.279999732971191
2010-12-03,9.260000228881836
2010-12-06,9.300000190734863
2010-12-07,9.229999542236328
2010-12-08,9.239999771118164
2010-12-09,9.25
2010-12-10,9.329999923706055
2010-12-13,9.430000305175781
2010-12-14,9.470000267028809
2010-12-15,9.630000114440918
2010-12-16,9.390000343322754
2010-12-17,9.510000228881836
2010-12-20,9.630000114440918
2010-12-21,9.949999809265137
2010-12-22,9.880000114440918
2010-12-23,9.770000457763672
2010-12-24,9.800000190734863
2010-12-29,9.84000015258789
2010-12-30,9.680000305175781
2010-12-31,9.649999618530273
2011-01-04,9.8100004196167
2011-01-05,9.819999694824219
2011-01-06,9.8100004196167
2011-01-07,9.630000114440918
2011-01-10,9.649999618530273
2011-01-11,9.569999694824219
2011-01-12,9.550000190734863
2011-01-13,9.600000381469727
2011-01-14,9.729999542236328
2011-01-17,9.739999771118164
2011-01-18,9.729999542236328
2011-01-19,9.479999542236328
2011-01-20,9.380000114440918
2011-01-21,9.210000038146973
2011-01-24,9.399999618530273
2011-01-25,9.289999961853027
2011-01-26,9.420000076293945
2011-01-27,9.90999984741211
2011-01-28,9.890000343322754
2011-01-31,9.869999885559082
2011-02-01,10.369999885559082
2011-02-02,10.619999885559082
2011-02-03,10.949999809265137
2011-02-04,10.979999542236328
2011-02-07,11.069999694824219
2011-02-08,11.239999771118164
2011-02-09,11.699999809265137
2011-02-10,11.5
2011-02-11,11.3100004196167
2011-02-14,11.270000457763672
2011-02-15,11.329999923706055
2011-02-16,11.319999694824219
2011-02-17,11.289999961853027
2011-02-18,11.380000114440918
2011-02-22,11.170000076293945
2011-02-23,11.25
2011-02-24,11.75
2011-02-25,11.65999984741211
2011-02-28,11.510000228881836
2011-03-01,11.569999694824219
2011-03-02,11.670000076293945
2011-03-03,11.59000015258789
2011-03-04,11.270000457763672
2011-03-07,11.039999961853027
2011-03-08,11.149999618530273
2011-03-09,11.050000190734863
2011-03-10,10.6899995803833
2011-03-11,10.760000228881836
2011-03-14,10.670000076293945
2011-03-15,10.59000015258789
2011-03-16,10.600000381469727
2011-03-17,10.369999885559082
2011-03-18,10.180000305175781
2011-03-21,10.210000038146973
2011-03-22,10.25
2011-03-23,10.609999656677246
2011-03-24,10.670000076293945
2011-03-25,10.550000190734863
2011-03-28,10.460000038146973
2011-03-29,10.430000305175781
2011-03-30,10.5
2011-03-31,10.399999618530273
2011-04-01,10.600000381469727
2011-04-04,10.579999923706055
2011-04-05,10.600000381469727
2011-04-06,10.5600004196167
2011-04-07,10.569999694824219
2011-04-08,10.5
2011-04-11,10.390000343322754
2011-04-12,10.270000457763672
2011-04-13,10.329999923706055
2011-04-14,10.100000381469727
2011-04-15,10.229999542236328
2011-04-18,9.90999984741211
2011-04-19,10.039999961853027
2011-04-20,10.050000190734863
2011-04-21,10.539999961853027
2011-04-25,10.510000228881836
2011-04-26,10.619999885559082
2011-04-27,10.59000015258789
2011-04-28,10.720000267028809
2011-04-29,10.470000267028809
2011-05-02,10.529999732971191
2011-05-03,10.489999771118164
2011-05-04,10.420000076293945
2011-05-05,10.34000015258789
2011-05-06,10.270000457763672
2011-05-09,10.239999771118164
2011-05-10,10.350000381469727
2011-05-11,10.260000228881836
2011-05-12,9.989999771118164
2011-05-13,9.9399995803833
2011-05-16,9.819999694824219
2011-05-17,9.819999694824219
2011-05-18,9.899999618530273
2011-05-19,9.899999618530273
2011-05-20,10.010000228881836
2011-05-24,9.619999885559082
2011-05-25,9.600000381469727
2011-05-26,9.670000076293945
2011-05-27,9.850000381469727
2011-05-30,9.899999618530273
2011-05-31,9.949999809265137
2011-06-01,9.770000457763672
2011-06-02,9.6899995803833
2011-06-03,9.529999732971191
2011-06-06,9.4399995803833
2011-06-07,9.149999618530273
2011-06-08,8.760000228881836
2011-06-09,9.0
2011-06-10,8.8100004196167
2011-06-13,8.880000114440918
2011-06-14,8.819999694824219
2011-06-15,8.829999923706055
2011-06-16,8.529999732971191
2011-06-17,7.909999847412109
2011-06-20,8.020000457763672
2011-06-21,8.069999694824219
2011-06-22,8.15999984741211
2011-06-23,8.050000190734863
2011-06-24,7.940000057220459
2011-06-27,8.0600004196167
2011-06-28,8.039999961853027
2011-06-29,8.0
2011-06-30,8.449999809265137
2011-07-04,8.470000267028809
2011-07-05,8.489999771118164
2011-07-06,8.4399995803833
2011-07-07,8.5
2011-07-08,8.399999618530273
2011-07-11,8.109999656677246
2011-07-12,8.09000015258789
2011-07-13,8.140000343322754
2011-07-14,7.909999847412109
2011-07-15,7.860000133514404
2011-07-18,7.699999809265137
2011-07-19,8.020000457763672
2011-07-20,8.180000305175781
2011-07-21,8.039999961853027
2011-07-22,8.890000343322754
2011-07-25,8.5600004196167
2011-07-26,8.479999542236328
2011-07-27,8.4399995803833
2011-07-28,8.40999984741211
2011-07-29,8.390000343322754
2011-08-02,7.789999961853027
2011-08-03,8.0
2011-08-04,7.96999979019165
2011-08-05,7.849999904632568
2011-08-08,7.269999980926514
2011-08-09,7.579999923706055
2011-08-10,7.550000190734863
2011-08-11,7.960000038146973
2011-08-12,8.050000190734863
2011-08-15,8.319999694824219
2011-08-16,8.1899995803833
2011-08-17,8.130000114440918
2011-08-18,7.440000057220459
2011-08-19,7.150000095367432
2011-08-22,7.190000057220459
2011-08-23,7.650000095367432
2011-08-24,7.590000152587891
2011-08-25,7.440000057220459
2011-08-26,7.710000038146973
2011-08-29,8.130000114440918
2011-08-30,8.15999984741211
2011-08-31,8.180000305175781
2011-09-01,8.210000038146973
2011-09-02,7.889999866485596
2011-09-06,7.78000020980835
2011-09-07,8.170000076293945
2011-09-08,8.029999732971191
2011-09-09,7.789999961853027
2011-09-12,7.75
2011-09-13,7.880000114440918
2011-09-14,8.020000457763672
2011-09-15,8.25
2011-09-16,8.270000457763672
2011-09-19,8.170000076293945
2011-09-20,8.010000228881836
2011-09-21,7.869999885559082
2011-09-22,7.360000133514404
2011-09-23,7.360000133514404
2011-09-26,7.590000152587891
2011-09-27,7.800000190734863
2011-09-28,7.940000057220459
2011-09-29,7.889999866485596
2011-09-30,7.610000133514404
2011-10-03,7.309999942779541
2011-10-04,7.670000076293945
2011-10-05,8.050000190734863
2011-10-06,8.5
2011-10-07,8.350000381469727
2011-10-11,8.489999771118164
2011-10-12,8.539999961853027
2011-10-13,8.5
2011-10-14,8.600000381469727
2011-10-17,8.239999771118164
2011-10-18,8.399999618530273
2011-10-19,8.180000305175781
2011-10-20,7.900000095367432
2011-10-21,8.0
2011-10-24,8.069999694824219
2011-10-25,8.270000457763672
2011-10-26,8.359999656677246
2011-10-27,8.579999923706055
2011-10-28,8.739999771118164
2011-10-31,8.270000457763672
2011-11-01,8.3100004196167
2011-11-02,8.600000381469727
2011-11-03,8.779999732971191
2011-11-04,8.770000457763672
2011-11-07,8.819999694824219
2011-11-08,8.819999694824219
2011-11-09,8.510000228881836
2011-11-10,8.510000228881836
2011-11-11,8.720000267028809
2011-11-14,8.710000038146973
2011-11-15,8.729999542236328
2011-11-16,8.75
2011-11-17,8.5600004196167
2011-11-18,8.489999771118164
2011-11-21,8.25
2011-11-22,8.260000228881836
2011-11-23,7.929999828338623
2011-11-24,8.069999694824219
2011-11-25,7.980000019073486
2011-11-28,8.229999542236328
2011-11-29,8.3100004196167
2011-11-30,8.489999771118164
2011-12-01,8.210000038146973
2011-12-02,8.0
2011-12-05,8.109999656677246
2011-12-06,8.100000381469727
2011-12-07,8.0
2011-12-08,7.96999979019165
2011-12-09,7.909999847412109
2011-12-12,7.730000019073486
2011-12-13,7.53000020980835
2011-12-14,7.510000228881836
2011-12-15,7.380000114440918
2011-12-16,7.5
2011-12-19,7.5
2011-12-20,7.699999809265137
2011-12-21,7.559999942779541
2011-12-22,7.679999828338623
2011-12-23,7.650000095367432
2011-12-28,7.570000171661377
2011-12-29,7.510000228881836
2011-12-30,7.489999771118164
2012-01-03,7.710000038146973
2012-01-04,7.96999979019165
2012-01-05,8.210000038146973
2012-01-06,8.270000457763672
2012-01-09,8.1899995803833
2012-01-10,8.0
2012-01-11,7.909999847412109
2012-01-12,7.840000152587891
2012-01-13,7.670000076293945
2012-01-16,7.800000190734863
2012-01-17,8.069999694824219
2012-01-18,8.170000076293945
2012-01-19,8.399999618530273
2012-01-20,8.399999618530273
2012-01-23,8.15999984741211
2012-01-24,8.119999885559082
2012-01-25,7.880000114440918
2012-01-26,7.71999979019165
2012-01-27,8.020000457763672
2012-01-30,8.260000228881836
2012-01-31,8.539999961853027
2012-02-01,8.739999771118164
2012-02-02,8.760000228881836
2012-02-03,8.550000190734863
2012-02-06,8.470000267028809
2012-02-07,8.369999885559082
2012-02-08,8.319999694824219
2012-02-09,8.680000305175781
2012-02-10,8.710000038146973
2012-02-13,8.970000267028809
2012-02-14,8.9399995803833
2012-02-15,8.859999656677246
2012-02-16,8.899999618530273
2012-02-17,9.140000343322754
2012-02-21,9.229999542236328
2012-02-22,9.399999618530273
2012-02-23,9.520000457763672
2012-02-24,9.510000228881836
2012-02-27,9.479999542236328
2012-02-28,9.5
2012-02-29,9.289999961853027
2012-03-01,9.529999732971191
2012-03-02,9.510000228881836
2012-03-05,9.4399995803833
2012-03-06,9.050000190734863
2012-03-07,9.149999618530273
2012-03-08,9.34000015258789
2012-03-09,9.260000228881836
2012-03-12,9.430000305175781
2012-03-13,10.0
2012-03-14,10.079999923706055
2012-03-15,10.140000343322754
2012-03-16,9.869999885559082
2012-03-19,9.930000305175781
2012-03-20,9.84000015258789
2012-03-21,9.699999809265137
2012-03-22,9.760000228881836
2012-03-23,9.84000015258789
2012-03-26,9.8100004196167
2012-03-27,9.710000038146973
2012-03-28,9.699999809265137
2012-03-29,9.59000015258789
2012-03-30,9.59000015258789
2012-04-02,9.579999923706055
2012-04-03,9.569999694824219
2012-04-04,9.479999542236328
2012-04-05,9.369999885559082
2012-04-09,8.9399995803833
2012-04-10,8.829999923706055
2012-04-11,9.029999732971191
2012-04-12,9.199999809265137
2012-04-13,9.029999732971191
2012-04-16,9.029999732971191
2012-04-17,8.880000114440918
2012-04-18,8.649999618530273
2012-04-19,8.680000305175781
2012-04-20,8.619999885559082
2012-04-23,8.359999656677246
2012-04-24,8.850000381469727
2012-04-25,8.680000305175781
2012-04-26,8.670000076293945
2012-04-27,8.8100004196167
2012-04-30,8.850000381469727
2012-05-01,8.930000305175781
2012-05-02,8.699999809265137
2012-05-03,8.449999809265137
2012-05-04,8.270000457763672
2012-05-07,8.369999885559082
2012-05-08,8.0
2012-05-09,7.889999866485596
2012-05-10,7.860000133514404
2012-05-11,8.0
2012-05-14,7.699999809265137
2012-05-15,7.539999961853027
2012-05-16,7.53000020980835
2012-05-17,7.570000171661377
2012-05-18,7.53000020980835
2012-05-22,7.739999771118164
2012-05-23,7.730000019073486
2012-05-24,7.739999771118164
2012-05-25,7.800000190734863
2012-05-28,7.980000019073486
2012-05-29,7.949999809265137
2012-05-30,7.389999866485596
2012-05-31,7.510000228881836
2012-06-01,7.400000095367432
2012-06-04,7.420000076293945
2012-06-05,7.599999904632568
2012-06-06,7.760000228881836
2012-06-07,7.730000019073486
2012-06-08,7.820000171661377
2012-06-11,7.610000133514404
2012-06-12,7.590000152587891
2012-06-13,7.53000020980835
2012-06-14,7.53000020980835
2012-06-15,7.610000133514404
2012-06-18,7.889999866485596
2012-06-19,7.800000190734863
2012-06-20,7.599999904632568
2012-06-21,7.510000228881836
2012-06-22,7.440000057220459
2012-06-25,7.170000076293945
2012-06-26,7.289999961853027
2012-06-27,7.380000114440918
2012-06-28,7.360000133514404
2012-06-29,7.400000095367432
2012-07-03,7.449999809265137
2012-07-04,7.53000020980835
2012-07-05,7.559999942779541
2012-07-06,7.5
2012-07-09,7.429999828338623
2012-07-10,7.380000114440918
2012-07-11,7.460000038146973
2012-07-12,7.349999904632568
2012-07-13,7.409999847412109
2012-07-16,7.420000076293945
2012-07-17,7.340000152587891
2012-07-18,7.360000133514404
2012-07-19,7.579999923706055
2012-07-20,7.510000228881836
2012-07-23,7.369999885559082
2012-07-24,7.210000038146973
2012-07-25,7.329999923706055
2012-07-26,7.389999866485596
2012-07-27,7.920000076293945
2012-07-30,7.849999904632568
2012-07-31,7.639999866485596
2012-08-01,7.369999885559082
2012-08-02,7.289999961853027
2012-08-03,7.329999923706055
2012-08-07,7.559999942779541
2012-08-08,7.739999771118164
2012-08-09,7.769999980926514
2012-08-10,7.739999771118164
2012-08-13,7.650000095367432
2012-08-14,7.630000114440918
2012-08-15,7.679999828338623
2012-08-16,7.880000114440918
2012-08-17,7.789999961853027
2012-08-20,7.650000095367432
2012-08-21,7.829999923706055
2012-08-22,7.650000095367432
2012-08-23,7.760000228881836
2012-08-24,7.639999866485596
2012-08-27,7.670000076293945
2012-08-28,7.739999771118164
2012-08-29,7.739999771118164
2012-08-30,7.670000076293945
2012-08-31,7.690000057220459
2012-09-04,7.53000020980835
2012-09-05,7.360000133514404
2012-09-06,7.460000038146973
2012-09-07,7.460000038146973
2012-09-10,7.559999942779541
2012-09-11,7.710000038146973
2012-09-12,7.639999866485596
2012-09-13,7.730000019073486
2012-09-14,7.78000020980835
2012-09-17,7.46999979019165
2012-09-18,7.510000228881836
2012-09-19,7.409999847412109
2012-09-20,7.550000190734863
2012-09-21,7.480000019073486
2012-09-24,7.28000020980835
2012-09-25,7.210000038146973
2012-09-26,6.789999961853027
2012-09-27,7.019999980926514
2012-09-28,7.03000020980835
2012-10-01,6.940000057220459
2012-10-02,7.010000228881836
2012-10-03,7.03000020980835
2012-10-04,7.03000020980835
2012-10-05,7.0
2012-10-09,6.889999866485596
2012-10-10,6.630000114440918
2012-10-11,6.739999771118164
2012-10-12,6.769999980926514
2012-10-15,6.800000190734863
2012-10-16,7.010000228881836
2012-10-17,7.139999866485596
2012-10-18,7.139999866485596
2012-10-19,7.150000095367432
2012-10-22,7.079999923706055
2012-10-23,6.96999979019165
2012-10-24,6.869999885559082
2012-10-25,6.940000057220459
2012-10-26,6.940000057220459
2012-10-29,7.150000095367432
2012-10-30,7.170000076293945
2012-10-31,7.25
2012-11-01,7.199999809265137
2012-11-02,7.159999847412109
2012-11-05,7.239999771118164
2012-11-06,7.25
2012-11-07,7.320000171661377
2012-11-08,7.289999961853027
2012-11-09,7.239999771118164
2012-11-12,7.25
2012-11-13,7.190000057220459
2012-11-14,7.179999828338623
2012-11-15,7.239999771118164
2012-11-16,7.199999809265137
2012-11-19,7.25
2012-11-20,7.28000020980835
2012-11-21,7.309999942779541
2012-11-22,7.340000152587891
2012-11-23,7.389999866485596
2012-11-26,7.389999866485596
2012-11-27,7.389999866485596
2012-11-28,7.429999828338623
2012-11-29,7.369999885559082
2012-11-30,7.349999904632568
2012-12-03,7.239999771118164
2012-12-04,7.349999904632568
2012-12-05,7.559999942779541
2012-12-06,7.550000190734863
2012-12-07,7.53000020980835
2012-12-10,7.489999771118164
2012-12-11,7.429999828338623
2012-12-12,7.46999979019165
2012-12-13,7.590000152587891
2012-12-14,7.710000038146973
2012-12-17,7.690000057220459
2012-12-18,7.639999866485596
2012-12-19,8.010000228881836
2012-12-20,8.180000305175781
2012-12-21,7.949999809265137
2012-12-24,7.989999771118164
2012-12-27,7.980000019073486
2012-12-28,7.920000076293945
2012-12-31,8.069999694824219
2013-01-02,8.300000190734863
2013-01-03,8.149999618530273
2013-01-04,8.260000228881836
2013-01-07,8.460000038146973
2013-01-08,8.149999618530273
2013-01-09,8.079999923706055
2013-01-10,8.25
2013-01-11,8.300000190734863
2013-01-14,8.300000190734863
2013-01-15,8.170000076293945
2013-01-16,8.270000457763672
2013-01-17,8.449999809265137
2013-01-18,8.579999923706055
2013-01-21,8.5
2013-01-22,8.5600004196167
2013-01-23,8.220000267028809
2013-01-24,8.329999923706055
2013-01-25,8.289999961853027
2013-01-28,8.210000038146973
2013-01-29,8.130000114440918
2013-01-30,8.069999694824219
2013-01-31,7.789999961853027
2013-02-01,7.809999942779541
2013-02-04,7.800000190734863
2013-02-05,7.809999942779541
2013-02-06,8.079999923706055
2013-02-07,8.050000190734863
2013-02-08,8.199999809265137
2013-02-11,8.15999984741211
2013-02-12,8.170000076293945
2013-02-13,8.119999885559082
2013-02-14,8.170000076293945
2013-02-15,8.029999732971191
2013-02-19,8.140000343322754
2013-02-20,8.260000228881836
2013-02-21,8.279999732971191
2013-02-22,8.449999809265137
2013-02-25,8.550000190734863
2013-02-26,8.5
2013-02-27,8.430000305175781
2013-02-28,8.420000076293945
2013-03-01,8.470000267028809
2013-03-04,8.34000015258789
2013-03-05,8.430000305175781
2013-03-06,8.529999732971191
2013-03-07,8.470000267028809
2013-03-08,8.670000076293945
2013-03-11,8.649999618530273
2013-03-12,8.75
2013-03-13,8.710000038146973
2013-03-14,8.380000114440918
2013-03-15,8.350000381469727
2013-03-18,8.470000267028809
2013-03-19,8.609999656677246
2013-03-20,8.630000114440918
2013-03-21,8.260000228881836
2013-03-22,8.25
2013-03-25,8.300000190734863
2013-03-26,8.350000381469727
2013-03-27,8.350000381469727
2013-03-28,8.199999809265137
2013-04-01,8.050000190734863
2013-04-02,8.140000343322754
2013-04-03,8.260000228881836
2013-04-04,8.170000076293945
2013-04-05,8.0600004196167
2013-04-08,8.15999984741211
2013-04-09,8.300000190734863
2013-04-10,8.430000305175781
2013-04-11,8.430000305175781
2013-04-12,8.34000015258789
2013-04-15,8.109999656677246
2013-04-16,8.15999984741211
2013-04-17,8.029999732971191
2013-04-18,7.900000095367432
2013-04-19,7.900000095367432
2013-04-22,7.829999923706055
2013-04-23,8.300000190734863
2013-04-24,8.420000076293945
2013-04-25,8.539999961853027
2013-04-26,8.65999984741211
2013-04-29,8.449999809265137
2013-04-30,8.699999809265137
2013-05-01,8.550000190734863
2013-05-02,8.489999771118164
2013-05-03,8.479999542236328
2013-05-06,8.539999961853027
2013-05-07,8.59000015258789
2013-05-08,8.550000190734863
2013-05-09,8.600000381469727
2013-05-10,8.720000267028809
2013-05-13,8.789999961853027
2013-05-14,8.819999694824219
2013-05-15,9.100000381469727
2013-05-16,9.300000190734863
2013-05-17,9.399999618530273
2013-05-21,9.510000228881836
2013-05-22,9.350000381469727
2013-05-23,9.390000343322754
2013-05-24,9.279999732971191
2013-05-27,9.329999923706055
2013-05-28,9.609999656677246
2013-05-29,9.529999732971191
2013-05-30,9.630000114440918
2013-05-31,9.5600004196167
2013-06-03,9.920000076293945
2013-06-04,9.720000267028809
2013-06-05,9.59000015258789
2013-06-06,9.720000267028809
2013-06-07,9.720000267028809
2013-06-10,9.75
2013-06-11,9.760000228881836
2013-06-12,9.619999885559082
2013-06-13,9.770000457763672
2013-06-14,9.819999694824219
2013-06-17,9.960000038146973
2013-06-18,9.800000190734863
2013-06-19,9.770000457763672
2013-06-20,9.619999885559082
2013-06-21,9.520000457763672
2013-06-24,9.460000038146973
2013-06-25,9.890000343322754
2013-06-26,9.800000190734863
2013-06-27,9.930000305175781
2013-06-28,9.90999984741211
2013-07-02,9.949999809265137
2013-07-03,10.0
2013-07-04,9.949999809265137
2013-07-05,9.890000343322754
2013-07-08,9.850000381469727
2013-07-09,9.789999961853027
2013-07-10,9.789999961853027
2013-07-11,9.770000457763672
2013-07-12,9.779999732971191
2013-07-15,9.550000190734863
2013-07-16,9.550000190734863
2013-07-17,9.359999656677246
2013-07-18,9.59000015258789
2013-07-19,9.649999618530273
2013-07-22,9.65999984741211
2013-07-23,9.630000114440918
2013-07-24,9.649999618530273
2013-07-25,9.779999732971191
2013-07-26,10.399999618530273
2013-07-29,10.489999771118164
2013-07-30,10.760000228881836
2013-07-31,10.880000114440918
2013-08-01,11.119999885559082
2013-08-02,11.100000381469727
2013-08-06,11.489999771118164
2013-08-07,11.350000381469727
2013-08-08,11.5
2013-08-09,11.390000343322754
2013-08-12,11.100000381469727
2013-08-13,11.34000015258789
2013-08-14,11.279999732971191
2013-08-15,11.050000190734863
2013-08-16,11.100000381469727
2013-08-19,11.0
2013-08-20,11.229999542236328
2013-08-21,11.210000038146973
2013-08-22,11.279999732971191
2013-08-23,11.3100004196167
2013-08-26,11.039999961853027
2013-08-27,10.6899995803833
2013-08-28,11.199999809265137
2013-08-29,11.34000015258789
2013-08-30,11.199999809265137
2013-09-03,11.4399995803833
2013-09-04,11.479999542236328
2013-09-05,11.65999984741211
2013-09-06,11.449999809265137
2013-09-09,11.59000015258789
2013-09-10,11.420000076293945
2013-09-11,11.550000190734863
2013-09-12,11.5
2013-09-13,11.520000457763672
2013-09-16,11.59000015258789
2013-09-17,11.449999809265137
2013-09-18,11.319999694824219
2013-09-19,11.279999732971191
2013-09-20,11.199999809265137
2013-09-23,11.289999961853027
2013-09-24,11.5
2013-09-25,11.59000015258789
2013-09-26,11.609999656677246
2013-09-27,11.5600004196167
2013-09-30,11.34000015258789
2013-10-01,11.65999984741211
2013-10-02,11.5
2013-10-03,11.380000114440918
2013-10-04,11.5
2013-10-07,11.329999923706055
2013-10-08,11.3100004196167
2013-10-09,11.350000381469727
2013-10-10,11.430000305175781
2013-10-11,11.539999961853027
2013-10-15,11.5
2013-10-16,11.5600004196167
2013-10-17,11.510000228881836
2013-10-18,11.399999618530273
2013-10-21,11.09000015258789
2013-10-22,10.779999732971191
2013-10-23,11.729999542236328
2013-10-24,11.779999732971191
2013-10-25,11.739999771118164
2013-10-28,11.640000343322754
2013-10-29,11.579999923706055
2013-10-30,11.529999732971191
2013-10-31,11.449999809265137
2013-11-01,11.260000228881836
2013-11-04,11.520000457763672
2013-11-05,11.329999923706055
2013-11-06,11.260000228881836
2013-11-07,11.170000076293945
2013-11-08,11.180000305175781
2013-11-11,11.180000305175781
2013-11-12,11.109999656677246
2013-11-13,10.970000267028809
2013-11-14,10.579999923706055
2013-11-15,10.649999618530273
2013-11-18,10.5
2013-11-19,10.380000114440918
2013-11-20,9.979999542236328
2013-11-21,10.569999694824219
2013-11-22,10.5
2013-11-25,10.600000381469727
2013-11-26,10.550000190734863
2013-11-27,10.579999923706055
2013-11-28,10.75
2013-11-29,10.710000038146973
2013-12-02,10.729999542236328
2013-12-03,10.640000343322754
2013-12-04,10.8100004196167
2013-12-05,10.850000381469727
2013-12-06,10.920000076293945
2013-12-09,10.710000038146973
2013-12-10,10.65999984741211
2013-12-11,10.510000228881836
2013-12-12,10.520000457763672
2013-12-13,10.529999732971191
2013-12-16,10.819999694824219
2013-12-17,10.869999885559082
2013-12-18,10.770000457763672
2013-12-19,10.529999732971191
2013-12-20,10.630000114440918
2013-12-23,10.65999984741211
2013-12-24,10.789999961853027
2013-12-27,10.979999542236328
2013-12-30,11.020000457763672
2013-12-31,11.039999961853027
2014-01-02,11.010000228881836
2014-01-03,11.119999885559082
2014-01-06,11.289999961853027
2014-01-07,11.449999809265137
2014-01-08,11.350000381469727
2014-01-09,11.260000228881836
2014-01-10,11.380000114440918
2014-01-13,11.199999809265137
2014-01-14,11.449999809265137
2014-01-15,11.479999542236328
2014-01-16,11.4399995803833
2014-01-17,11.479999542236328
2014-01-20,11.5
2014-01-21,11.479999542236328
2014-01-22,11.430000305175781
2014-01-23,11.460000038146973
2014-01-24,11.210000038146973
2014-01-27,11.210000038146973
2014-01-28,10.979999542236328
2014-01-29,11.119999885559082
2014-01-30,11.25
2014-01-31,11.050000190734863
2014-02-03,10.239999771118164
2014-02-04,10.170000076293945
2014-02-05,10.109999656677246
2014-02-06,10.300000190734863
2014-02-07,10.300000190734863
2014-02-10,10.239999771118164
2014-02-11,10.34000015258789
2014-02-12,10.380000114440918
2014-02-13,10.350000381469727
2014-02-14,10.600000381469727
2014-02-18,10.40999984741211
2014-02-19,10.40999984741211
2014-02-20,10.489999771118164
2014-02-21,10.529999732971191
2014-02-24,10.619999885559082
2014-02-25,10.510000228881836
2014-02-26,10.720000267028809
2014-02-27,10.720000267028809
2014-02-28,10.84000015258789
2014-03-03,10.8100004196167
2014-03-04,11.15999984741211
2014-03-05,10.960000038146973
2014-03-06,10.890000343322754
2014-03-07,10.960000038146973
2014-03-10,10.970000267028809
2014-03-11,10.8100004196167
2014-03-12,10.84000015258789
2014-03-13,10.710000038146973
2014-03-14,10.819999694824219
2014-03-17,10.819999694824219
2014-03-18,10.989999771118164
2014-03-19,11.15999984741211
2014-03-20,11.199999809265137
2014-03-21,11.260000228881836
2014-03-24,11.229999542236328
2014-03-25,11.630000114440918
2014-03-26,11.369999885559082
2014-03-27,11.510000228881836
2014-03-28,11.760000228881836
2014-03-31,12.100000381469727
2014-04-01,12.199999809265137
2014-04-02,12.369999885559082
2014-04-03,12.199999809265137
2014-04-04,12.069999694824219
2014-04-07,11.779999732971191
2014-04-08,11.899999618530273
2014-04-09,12.020000457763672
2014-04-10,11.899999618530273
2014-04-11,11.670000076293945
2014-04-14,11.5600004196167
2014-04-15,11.510000228881836
2014-04-16,11.960000038146973
2014-04-17,11.84000015258789
2014-04-21,11.979999542236328
2014-04-22,12.0600004196167
2014-04-23,12.25
2014-04-24,12.319999694824219
2014-04-25,12.34000015258789
2014-04-28,12.3100004196167
2014-04-29,12.210000038146973
2014-04-30,12.15999984741211
2014-05-01,12.390000343322754
2014-05-02,12.569999694824219
2014-05-05,12.710000038146973
2014-05-06,12.449999809265137
2014-05-07,12.34000015258789
2014-05-08,12.180000305175781
2014-05-09,12.300000190734863
2014-05-12,12.399999618530273
2014-05-13,12.609999656677246
2014-05-14,12.329999923706055
2014-05-15,12.270000457763672
2014-05-16,12.300000190734863
2014-05-20,12.149999618530273
2014-05-21,12.420000076293945
2014-05-22,12.5
2014-05-23,12.529999732971191
2014-05-26,12.609999656677246
2014-05-27,12.8100004196167
2014-05-28,12.899999618530273
2014-05-29,12.84000015258789
2014-05-30,12.850000381469727
2014-06-02,12.84000015258789
2014-06-03,12.59000015258789
2014-06-04,12.720000267028809
2014-06-05,12.829999923706055
2014-06-06,12.850000381469727
2014-06-09,13.029999732971191
2014-06-10,13.149999618530273
2014-06-11,13.010000228881836
2014-06-12,13.0
2014-06-13,13.020000457763672
2014-06-16,13.140000343322754
2014-06-17,13.140000343322754
2014-06-18,13.260000228881836
2014-06-19,13.680000305175781
2014-06-20,13.460000038146973
2014-06-23,13.720000267028809
2014-06-24,13.319999694824219
2014-06-25,13.350000381469727
2014-06-26,13.40999984741211
2014-06-27,13.390000343322754
2014-06-30,13.420000076293945
2014-07-02,13.59000015258789
2014-07-03,13.520000457763672
2014-07-04,13.329999923706055
2014-07-07,13.399999618530273
2014-07-08,13.289999961853027
2014-07-09,13.260000228881836
2014-07-10,13.029999732971191
2014-07-11,13.289999961853027
2014-07-14,13.199999809265137
2014-07-15,13.109999656677246
2014-07-16,12.930000305175781
2014-07-17,12.880000114440918
2014-07-18,13.0
2014-07-21,12.760000228881836
2014-07-22,12.539999961853027
2014-07-23,12.149999618530273
2014-07-24,12.0
2014-07-25,12.140000343322754
2014-07-28,11.859999656677246
2014-07-29,11.760000228881836
2014-07-30,11.930000305175781
2014-07-31,11.699999809265137
2014-08-01,11.40999984741211
2014-08-05,11.170000076293945
2014-08-06,11.359999656677246
2014-08-07,11.34000015258789
2014-08-08,11.390000343322754
2014-08-11,11.670000076293945
2014-08-12,11.65999984741211
2014-08-13,11.949999809265137
2014-08-14,11.75
2014-08-15,11.6899995803833
2014-08-18,11.84000015258789
2014-08-19,11.90999984741211
2014-08-20,11.979999542236328
2014-08-21,11.9399995803833
2014-08-22,11.779999732971191
2014-08-25,11.979999542236328
2014-08-26,11.949999809265137
2014-08-27,11.920000076293945
2014-08-28,11.850000381469727
2014-08-29,11.960000038146973
2014-09-02,12.0
2014-09-03,11.930000305175781
2014-09-04,11.989999771118164
2014-09-05,11.930000305175781
2014-09-08,11.90999984741211
2014-09-09,11.859999656677246
2014-09-10,11.8100004196167
2014-09-11,11.960000038146973
2014-09-12,11.979999542236328
2014-09-15,11.890000343322754
2014-09-16,11.770000457763672
2014-09-17,11.779999732971191
2014-09-18,11.789999961853027
2014-09-19,11.369999885559082
2014-09-22,11.119999885559082
2014-09-23,11.5
2014-09-24,11.569999694824219
2014-09-25,11.300000190734863
2014-09-26,11.34000015258789
2014-09-29,11.289999961853027
2014-09-30,11.350000381469727
2014-10-01,11.229999542236328
2014-10-02,11.100000381469727
2014-10-03,11.3100004196167
2014-10-06,11.300000190734863
2014-10-07,11.270000457763672
2014-10-08,11.210000038146973
2014-10-09,11.15999984741211
2014-10-10,10.710000038146973
2014-10-14,10.729999542236328
2014-10-15,10.550000190734863
2014-10-16,10.739999771118164
2014-10-17,10.930000305175781
2014-10-20,11.0
2014-10-21,11.210000038146973
2014-10-22,11.100000381469727
2014-10-23,11.550000190734863
2014-10-24,11.729999542236328
2014-10-27,11.800000190734863
2014-10-28,11.869999885559082
2014-10-29,11.949999809265137
2014-10-30,12.079999923706055
2014-10-31,12.380000114440918
2014-11-03,12.489999771118164
2014-11-04,12.630000114440918
2014-11-05,12.520000457763672
2014-11-06,12.630000114440918
2014-11-07,12.579999923706055
2014-11-10,12.550000190734863
2014-11-11,12.390000343322754
2014-11-12,12.510000228881836
2014-11-13,12.359999656677246
2014-11-14,12.399999618530273
2014-11-17,12.420000076293945
2014-11-18,12.390000343322754
2014-11-19,12.430000305175781
2014-11-20,12.079999923706055
2014-11-21,12.229999542236328
2014-11-24,12.350000381469727
2014-11-25,12.25
2014-11-26,12.359999656677246
2014-11-27,12.479999542236328
2014-11-28,12.279999732971191
2014-12-01,11.880000114440918
2014-12-02,11.970000267028809
2014-12-03,12.3100004196167
2014-12-04,12.399999618530273
2014-12-05,12.5
2014-12-08,12.140000343322754
2014-12-09,12.569999694824219
2014-12-10,12.649999618530273
2014-12-11,13.319999694824219
2014-12-12,12.989999771118164
2014-12-15,12.960000038146973
2014-12-16,13.239999771118164
2014-12-17,13.369999885559082
2014-12-18,13.430000305175781
2014-12-19,13.270000457763672
2014-12-22,13.390000343322754
2014-12-23,13.539999961853027
2014-12-24,13.739999771118164
2014-12-29,13.770000457763672
2014-12-30,13.6899995803833
2014-12-31,13.649999618530273
2015-01-02,13.800000190734863
2015-01-05,13.600000381469727
2015-01-06,13.529999732971191
2015-01-07,13.569999694824219
2015-01-08,13.619999885559082
2015-01-09,13.579999923706055
2015-01-12,13.75
2015-01-13,13.890000343322754
2015-01-14,13.779999732971191
2015-01-15,13.670000076293945
2015-01-16,13.670000076293945
2015-01-19,13.75
2015-01-20,13.699999809265137
2015-01-21,13.869999885559082
2015-01-22,14.0
2015-01-23,13.960000038146973
2015-01-26,13.979999542236328
2015-01-27,13.819999694824219
2015-01-28,13.59000015258789
2015-01-29,14.119999885559082
2015-01-30,14.239999771118164
2015-02-02,14.039999961853027
2015-02-03,14.010000228881836
2015-02-04,14.069999694824219
2015-02-05,14.449999809265137
2015-02-06,14.59000015258789
2015-02-09,14.539999961853027
2015-02-10,14.729999542236328
2015-02-11,14.789999961853027
2015-02-12,14.84000015258789
2015-02-13,14.930000305175781
2015-02-17,14.880000114440918
2015-02-18,14.850000381469727
2015-02-19,14.84000015258789
2015-02-20,15.029999732971191
2015-02-23,15.069999694824219
2015-02-24,15.079999923706055
2015-02-25,14.800000190734863
2015-02-26,14.90999984741211
2015-02-27,14.6899995803833
2015-03-02,14.979999542236328
2015-03-03,14.75
2015-03-04,14.680000305175781
2015-03-05,14.640000343322754
2015-03-06,14.449999809265137
2015-03-09,14.65999984741211
2015-03-10,14.420000076293945
2015-03-11,14.869999885559082
2015-03-12,14.979999542236328
2015-03-13,14.90999984741211
2015-03-16,14.9399995803833
2015-03-17,14.680000305175781
2015-03-18,14.569999694824219
2015-03-19,14.510000228881836
2015-03-20,14.510000228881836
2015-03-23,14.319999694824219
2015-03-24,14.329999923706055
2015-03-25,13.779999732971191
2015-03-26,13.890000343322754
2015-03-27,13.989999771118164
2015-03-30,14.109999656677246
2015-03-31,14.0600004196167
2015-04-01,13.890000343322754
2015-04-02,14.029999732971191
2015-04-06,14.510000228881836
2015-04-07,14.470000267028809
2015-04-08,14.579999923706055
2015-04-09,14.550000190734863
2015-04-10,14.720000267028809
2015-04-13,14.640000343322754
2015-04-14,14.710000038146973
2015-04-15,14.510000228881836
2015-04-16,14.260000228881836
2015-04-17,13.930000305175781
2015-04-20,14.069999694824219
2015-04-21,14.670000076293945
2015-04-22,14.670000076293945
2015-04-23,14.800000190734863
2015-04-24,14.859999656677246
2015-04-27,14.84000015258789
2015-04-28,14.670000076293945
2015-04-29,14.649999618530273
2015-04-30,14.729999542236328
2015-05-01,15.100000381469727
2015-05-04,15.34000015258789
2015-05-05,15.010000228881836
2015-05-06,15.020000457763672
2015-05-07,15.010000228881836
2015-05-08,15.119999885559082
2015-05-11,15.1899995803833
2015-05-12,15.0600004196167
2015-05-13,15.010000228881836
2015-05-14,15.1899995803833
2015-05-15,15.140000343322754
2015-05-19,15.470000267028809
2015-05-20,15.399999618530273
2015-05-21,15.390000343322754
2015-05-22,15.5
2015-05-25,15.670000076293945
2015-05-26,15.8100004196167
2015-05-27,15.90999984741211
2015-05-28,15.90999984741211
2015-05-29,15.90999984741211
2015-06-01,16.059999465942383
2015-06-02,15.760000228881836
2015-06-03,15.539999961853027
2015-06-04,15.300000190734863
2015-06-05,15.329999923706055
2015-06-08,15.239999771118164
2015-06-09,15.220000267028809
2015-06-10,15.170000076293945
2015-06-11,15.270000457763672
2015-06-12,15.229999542236328
2015-06-15,15.010000228881836
2015-06-16,15.140000343322754
2015-06-17,14.989999771118164
2015-06-18,14.800000190734863
2015-06-19,15.029999732971191
2015-06-22,15.050000190734863
2015-06-23,15.0
2015-06-24,14.920000076293945
2015-06-25,14.819999694824219
2015-06-26,14.65999984741211
2015-06-29,14.380000114440918
2015-06-30,14.539999961853027
2015-07-02,14.710000038146973
2015-07-03,14.5
2015-07-06,14.550000190734863
2015-07-07,14.59000015258789
2015-07-08,14.470000267028809
2015-07-09,14.369999885559082
2015-07-10,14.270000457763672
2015-07-13,14.380000114440918
2015-07-14,14.579999923706055
2015-07-15,14.6899995803833
2015-07-16,14.829999923706055
2015-07-17,14.770000457763672
2015-07-20,14.930000305175781
2015-07-21,15.199999809265137
2015-07-22,15.380000114440918
2015-07-23,15.25
2015-07-24,16.700000762939453
2015-07-27,16.299999237060547
2015-07-28,16.75
2015-07-29,17.43000030517578
2015-07-30,17.15999984741211
2015-07-31,17.520000457763672
2015-08-04,17.149999618530273
2015-08-05,17.5
2015-08-06,17.299999237060547
2015-08-07,17.25
2015-08-10,17.40999984741211
2015-08-11,17.43000030517578
2015-08-12,16.809999465942383
2015-08-13,16.770000457763672
2015-08-14,17.09000015258789
2015-08-17,17.1299991607666
2015-08-18,17.1200008392334
2015-08-19,16.920000076293945
2015-08-20,16.579999923706055
2015-08-21,16.1299991607666
2015-08-24,15.510000228881836
2015-08-25,15.40999984741211
2015-08-26,15.699999809265137
2015-08-27,16.010000228881836
2015-08-28,16.170000076293945
2015-08-31,16.079999923706055
2015-09-01,15.899999618530273
2015-09-02,15.930000305175781
2015-09-03,16.15999984741211
2015-09-04,16.059999465942383
2015-09-08,16.219999313354492
2015-09-09,16.520000457763672
2015-09-10,16.600000381469727
2015-09-11,16.610000610351562
2015-09-14,16.729999542236328
2015-09-15,16.790000915527344
2015-09-16,17.010000228881836
2015-09-17,17.0
2015-09-18,17.049999237060547
2015-09-21,16.8700008392334
2015-09-22,16.530000686645508
2015-09-23,16.489999771118164
2015-09-24,16.739999771118164
2015-09-25,17.010000228881836
2015-09-28,16.739999771118164
2015-09-29,16.829999923706055
2015-09-30,17.18000030517578
2015-10-01,17.139999389648438
2015-10-02,16.829999923706055
2015-10-05,17.229999542236328
2015-10-06,17.0
2015-10-07,16.940000534057617
2015-10-08,16.979999542236328
2015-10-09,16.920000076293945
2015-10-13,17.030000686645508
2015-10-14,16.81999969482422
2015-10-15,17.040000915527344
2015-10-16,16.940000534057617
2015-10-19,16.950000762939453
2015-10-20,17.030000686645508
2015-10-21,14.449999809265137
2015-10-22,15.020000457763672
2015-10-23,14.970000267028809
2015-10-26,14.609999656677246
2015-10-27,14.390000343322754
2015-10-28,14.399999618530273
2015-10-29,14.380000114440918
2015-10-30,14.65999984741211
2015-11-02,14.609999656677246
2015-11-03,14.920000076293945
2015-11-04,14.970000267028809
2015-11-05,14.829999923706055
2015-11-06,14.9399995803833
2015-11-09,14.989999771118164
2015-11-10,14.640000343322754
2015-11-11,14.720000267028809
2015-11-12,14.600000381469727
2015-11-13,14.399999618530273
2015-11-16,14.869999885559082
2015-11-17,14.6899995803833
2015-11-18,14.819999694824219
2015-11-19,15.039999961853027
2015-11-20,15.199999809265137
2015-11-23,15.380000114440918
2015-11-24,15.0
2015-11-25,15.15999984741211
2015-11-26,15.170000076293945
2015-11-27,15.399999618530273
2015-11-30,15.0600004196167
2015-12-01,15.170000076293945
2015-12-02,15.079999923706055
2015-12-03,15.010000228881836
2015-12-04,14.930000305175781
2015-12-07,14.84000015258789
2015-12-08,14.729999542236328
2015-12-09,14.479999542236328
2015-12-10,14.609999656677246
2015-12-11,14.550000190734863
2015-12-14,14.630000114440918
2015-12-15,14.800000190734863
2015-12-16,14.890000343322754
2015-12-17,14.899999618530273
2015-12-18,14.970000267028809
2015-12-21,14.960000038146973
2015-12-22,15.180000305175781
2015-12-23,15.279999732971191
2015-12-24,15.350000381469727
2015-12-29,15.640000343322754
2015-12-30,15.59000015258789
2015-12-31,15.300000190734863
2016-01-04,15.220000267028809
2016-01-05,15.210000038146973
2016-01-06,15.399999618530273
2016-01-07,15.239999771118164
2016-01-08,14.920000076293945
2016-01-11,14.510000228881836
2016-01-12,14.710000038146973
2016-01-13,14.34000015258789
2016-01-14,14.539999961853027
2016-01-15,13.550000190734863
2016-01-18,13.100000381469727
2016-01-19,13.430000305175781
2016-01-20,13.5600004196167
2016-01-21,13.800000190734863
2016-01-22,14.109999656677246
2016-01-25,13.90999984741211
2016-01-26,14.149999618530273
2016-01-27,13.859999656677246
2016-01-28,11.680000305175781
2016-01-29,12.699999809265137
2016-02-01,12.649999618530273
2016-02-02,12.579999923706055
2016-02-03,12.960000038146973
2016-02-04,13.1899995803833
2016-02-05,12.84000015258789
2016-02-08,12.670000076293945
2016-02-09,12.680000305175781
2016-02-10,13.010000228881836
2016-02-11,12.770000457763672
2016-02-12,12.869999885559082
2016-02-16,13.15999984741211
2016-02-17,13.359999656677246
2016-02-18,13.579999923706055
2016-02-19,13.510000228881836
2016-02-22,13.279999732971191
2016-02-23,13.510000228881836
2016-02-24,13.680000305175781
2016-02-25,13.800000190734863
2016-02-26,13.75
2016-02-29,13.930000305175781
2016-03-01,14.220000267028809
2016-03-02,14.25
2016-03-03,14.579999923706055
2016-03-04,14.380000114440918
2016-03-07,14.550000190734863
2016-03-08,14.579999923706055
2016-03-09,14.350000381469727
2016-03-10,14.260000228881836
2016-03-11,14.40999984741211
2016-03-14,14.479999542236328
2016-03-15,14.039999961853027
2016-03-16,13.779999732971191
2016-03-17,13.899999618530273
2016-03-18,13.890000343322754
2016-03-21,13.220000267028809
2016-03-22,14.0
2016-03-23,14.180000305175781
2016-03-24,14.260000228881836
2016-03-28,14.09000015258789
2016-03-29,14.25
2016-03-30,14.140000343322754
2016-03-31,14.260000228881836
2016-04-01,14.3100004196167
2016-04-04,14.289999961853027
2016-04-05,14.3100004196167
2016-04-06,14.40999984741211
2016-04-07,14.239999771118164
2016-04-08,14.15999984741211
2016-04-11,14.039999961853027
2016-04-12,13.399999618530273
2016-04-13,13.710000038146973
2016-04-14,13.819999694824219
2016-04-15,13.579999923706055
2016-04-18,13.699999809265137
2016-04-19,13.380000114440918
2016-04-20,13.289999961853027
2016-04-21,14.020000457763672
2016-04-22,13.90999984741211
2016-04-25,13.760000228881836
2016-04-26,13.600000381469727
2016-04-27,13.529999732971191
2016-04-28,13.359999656677246
2016-04-29,13.449999809265137
2016-05-02,13.470000267028809
2016-05-03,13.199999809265137
2016-05-04,13.239999771118164
2016-05-05,13.020000457763672
2016-05-06,13.149999618530273
2016-05-09,13.15999984741211
2016-05-10,13.130000114440918
2016-05-11,12.930000305175781
2016-05-12,12.65999984741211
2016-05-13,12.979999542236328
2016-05-16,13.210000038146973
2016-05-17,13.050000190734863
2016-05-18,13.15999984741211
2016-05-19,13.220000267028809
2016-05-20,13.3100004196167
2016-05-24,13.40999984741211
2016-05-25,13.390000343322754
2016-05-26,13.819999694824219
2016-05-27,14.020000457763672
2016-05-30,13.90999984741211
2016-05-31,13.9399995803833
2016-06-01,13.9399995803833
2016-06-02,14.140000343322754
2016-06-03,13.920000076293945
2016-06-06,13.859999656677246
2016-06-07,13.800000190734863
2016-06-08,13.859999656677246
2016-06-09,13.729999542236328
2016-06-10,13.619999885559082
2016-06-13,13.40999984741211
2016-06-14,13.4399995803833
2016-06-15,13.489999771118164
2016-06-16,13.40999984741211
2016-06-17,13.399999618530273
2016-06-20,13.289999961853027
2016-06-21,13.15999984741211
2016-06-22,12.989999771118164
2016-06-23,13.079999923706055
2016-06-24,12.640000343322754
2016-06-27,12.0600004196167
2016-06-28,12.09000015258789
2016-06-29,11.829999923706055
2016-06-30,12.020000457763672
2016-07-04,12.119999885559082
2016-07-05,11.720000267028809
2016-07-06,11.720000267028809
2016-07-07,11.890000343322754
2016-07-08,12.109999656677246
2016-07-11,12.199999809265137
2016-07-12,12.229999542236328
2016-07-13,12.329999923706055
2016-07-14,12.470000267028809
2016-07-15,12.640000343322754
2016-07-18,12.710000038146973
2016-07-19,12.920000076293945
2016-07-20,13.140000343322754
2016-07-21,13.15999984741211
2016-07-22,14.279999732971191
2016-07-25,14.489999771118164
2016-07-26,14.800000190734863
2016-07-27,14.949999809265137
2016-07-28,14.779999732971191
2016-07-29,14.460000038146973
2016-08-02,14.520000457763672
2016-08-03,14.609999656677246
2016-08-04,14.420000076293945
2016-08-05,14.65999984741211
2016-08-08,14.619999885559082
2016-08-09,14.619999885559082
2016-08-10,14.300000190734863
2016-08-11,14.220000267028809
2016-08-12,14.260000228881836
2016-08-15,14.1899995803833
2016-08-16,13.989999771118164
2016-08-17,13.880000114440918
2016-08-18,13.609999656677246
2016-08-19,13.90999984741211
2016-08-22,13.6899995803833
2016-08-23,13.819999694824219
2016-08-24,13.760000228881836
2016-08-25,13.880000114440918
2016-08-26,14.010000228881836
2016-08-29,14.0
2016-08-30,14.09000015258789
2016-08-31,13.979999542236328
2016-09-01,14.069999694824219
2016-09-02,14.1899995803833
2016-09-06,14.0600004196167
2016-09-07,14.100000381469727
2016-09-08,14.010000228881836
2016-09-09,13.880000114440918
2016-09-12,13.890000343322754
2016-09-13,13.710000038146973
2016-09-14,13.670000076293945
2016-09-15,13.75
2016-09-16,13.600000381469727
2016-09-19,13.550000190734863
2016-09-20,13.65999984741211
2016-09-21,13.739999771118164
2016-09-22,13.880000114440918
2016-09-23,13.90999984741211
2016-09-26,13.850000381469727
2016-09-27,13.770000457763672
2016-09-28,13.90999984741211
2016-09-29,14.0600004196167
2016-09-30,14.1899995803833
2016-10-03,14.170000076293945
2016-10-04,14.199999809265137
2016-10-05,14.380000114440918
2016-10-06,14.289999961853027
2016-10-07,14.239999771118164
2016-10-11,13.880000114440918
2016-10-12,13.739999771118164
2016-10-13,13.579999923706055
2016-10-14,13.680000305175781
2016-10-17,13.729999542236328
2016-10-18,13.670000076293945
2016-10-19,13.720000267028809
2016-10-20,13.789999961853027
2016-10-21,15.300000190734863
2016-10-24,15.539999961853027
2016-10-25,15.59000015258789
2016-10-26,15.800000190734863
2016-10-27,15.970000267028809
2016-10-28,15.9399995803833
2016-10-31,15.869999885559082
2016-11-01,16.25
2016-11-02,16.239999771118164
2016-11-03,15.90999984741211
2016-11-04,15.880000114440918
2016-11-07,16.010000228881836
2016-11-08,16.059999465942383
2016-11-09,16.1299991607666
2016-11-10,16.229999542236328
2016-11-11,16.200000762939453
2016-11-14,16.15999984741211
2016-11-15,16.549999237060547
2016-11-16,16.8799991607666
2016-11-17,16.690000534057617
2016-11-18,16.690000534057617
2016-11-21,16.450000762939453
2016-11-22,16.469999313354492
2016-11-23,16.690000534057617
2016-11-24,16.6200008392334
2016-11-25,16.59000015258789
2016-11-28,16.420000076293945
2016-11-29,16.450000762939453
2016-11-30,16.299999237060547
2016-12-01,15.739999771118164
2016-12-02,15.800000190734863
2016-12-05,16.059999465942383
2016-12-06,16.260000228881836
2016-12-07,16.31999969482422
2016-12-08,16.079999923706055
2016-12-09,16.18000030517578
2016-12-12,16.030000686645508
2016-12-13,15.960000038146973
2016-12-14,15.899999618530273
2016-12-15,15.9399995803833
2016-12-16,15.989999771118164
2016-12-19,16.1299991607666
2016-12-20,16.219999313354492
2016-12-21,16.079999923706055
2016-12-22,16.030000686645508
2016-12-23,16.010000228881836
2016-12-28,16.100000381469727
2016-12-29,16.139999389648438
2016-12-30,15.90999984741211
2017-01-03,15.789999961853027
2017-01-04,16.209999084472656
2017-01-05,16.1200008392334
2017-01-06,16.170000076293945
2017-01-09,16.100000381469727
2017-01-10,16.229999542236328
2017-01-11,16.190000534057617
2017-01-12,16.280000686645508
2017-01-13,16.280000686645508
2017-01-16,16.18000030517578
2017-01-17,15.890000343322754
2017-01-18,16.190000534057617
2017-01-19,15.960000038146973
2017-01-20,16.110000610351562
2017-01-23,16.049999237060547
2017-01-24,15.979999542236328
2017-01-25,16.469999313354492
2017-01-26,16.690000534057617
2017-01-27,18.600000381469727
2017-01-30,17.8799991607666
2017-01-31,18.06999969482422
2017-02-01,17.760000228881836
2017-02-02,17.790000915527344
2017-02-03,17.81999969482422
2017-02-06,17.700000762939453
2017-02-07,17.729999542236328
2017-02-08,17.670000076293945
2017-02-09,17.889999389648438
2017-02-10,17.65999984741211
2017-02-13,18.040000915527344
2017-02-14,17.770000457763672
2017-02-15,18.0
2017-02-16,17.979999542236328
2017-02-17,18.190000534057617
2017-02-21,18.440000534057617
2017-02-22,18.219999313354492
2017-02-23,18.299999237060547
2017-02-24,18.0
2017-02-27,17.860000610351562
2017-02-28,17.549999237060547
2017-03-01,18.25
2017-03-02,18.190000534057617
2017-03-03,18.1200008392334
2017-03-06,17.850000381469727
2017-03-07,18.0
2017-03-08,18.049999237060547
2017-03-09,18.18000030517578
2017-03-10,18.209999084472656
2017-03-13,18.25
2017-03-14,18.329999923706055
2017-03-15,18.3799991607666
2017-03-16,18.549999237060547
2017-03-17,18.450000762939453
2017-03-20,18.450000762939453
2017-03-21,18.40999984741211
2017-03-22,18.84000015258789
2017-03-23,18.989999771118164
2017-03-24,19.170000076293945
2017-03-27,18.979999542236328
2017-03-28,19.510000228881836
2017-03-29,18.889999389648438
2017-03-30,18.899999618530273
2017-03-31,19.34000015258789
2017-04-03,19.190000534057617
2017-04-04,19.549999237060547
2017-04-05,19.399999618530273
2017-04-06,19.350000381469727
2017-04-07,19.3799991607666
2017-04-10,19.459999084472656
2017-04-11,19.25
2017-04-12,18.940000534057617
2017-04-13,18.969999313354492
2017-04-17,19.3700008392334
2017-04-18,19.100000381469727
2017-04-19,19.299999237060547
2017-04-20,19.1299991607666
2017-04-21,19.270000457763672
2017-04-24,19.5
2017-04-25,19.770000457763672
2017-04-26,19.780000686645508
2017-04-27,19.639999389648438
2017-04-28,19.450000762939453
2017-05-01,19.399999618530273
2017-05-02,19.34000015258789
2017-05-03,19.0
2017-05-04,18.940000534057617
2017-05-05,18.84000015258789
2017-05-08,18.989999771118164
2017-05-09,19.200000762939453
2017-05-10,19.399999618530273
2017-05-11,19.3799991607666
2017-05-12,19.170000076293945
2017-05-15,19.239999771118164
2017-05-16,19.329999923706055
2017-05-17,18.690000534057617
2017-05-18,18.510000228881836
2017-05-19,18.540000915527344
2017-05-23,18.530000686645508
2017-05-24,18.59000015258789
2017-05-25,18.649999618530273
2017-05-26,18.540000915527344
2017-05-29,18.639999389648438
2017-05-30,18.600000381469727
2017-05-31,18.56999969482422
2017-06-01,18.959999084472656
2017-06-02,18.899999618530273
2017-06-05,18.739999771118164
2017-06-06,18.600000381469727
2017-06-07,18.690000534057617
2017-06-08,18.8700008392334
2017-06-09,18.889999389648438
2017-06-12,18.68000030517578
2017-06-13,18.6299991607666
2017-06-14,18.31999969482422
2017-06-15,18.190000534057617
2017-06-16,17.959999084472656
2017-06-19,18.25
2017-06-20,18.25
2017-06-21,18.350000381469727
2017-06-22,17.940000534057617
2017-06-23,18.149999618530273
2017-06-26,18.139999389648438
2017-06-27,18.059999465942383
2017-06-28,18.219999313354492
2017-06-29,17.780000686645508
2017-06-30,17.6200008392334
2017-07-04,17.329999923706055
2017-07-05,17.299999237060547
2017-07-06,17.139999389648438
2017-07-07,17.219999313354492
2017-07-10,17.440000534057617
2017-07-11,17.65999984741211
2017-07-12,17.649999618530273
2017-07-13,17.510000228881836
2017-07-14,17.260000228881836
2017-07-17,17.43000030517578
2017-07-18,17.40999984741211
2017-07-19,17.389999389648438
2017-07-20,17.1299991607666
2017-07-21,16.780000686645508
2017-07-24,16.81999969482422
2017-07-25,16.790000915527344
2017-07-26,15.84000015258789
2017-07-27,15.510000228881836
2017-07-28,15.010000228881836
2017-07-31,14.819999694824219
2017-08-01,14.869999885559082
2017-08-02,14.970000267028809
2017-08-03,14.9399995803833
2017-08-04,14.760000228881836
2017-08-08,14.630000114440918
2017-08-09,14.470000267028809
2017-08-10,14.390000343322754
2017-08-11,14.630000114440918
2017-08-14,14.760000228881836
2017-08-15,14.670000076293945
2017-08-16,14.640000343322754
2017-08-17,14.640000343322754
2017-08-18,14.380000114440918
2017-08-21,14.430000305175781
2017-08-22,14.270000457763672
2017-08-23,14.260000228881836
2017-08-24,14.210000038146973
2017-08-25,14.25
2017-08-28,14.260000228881836
2017-08-29,14.229999542236328
2017-08-30,14.369999885559082
2017-08-31,14.329999923706055
2017-09-01,14.399999618530273
2017-09-05,14.220000267028809
2017-09-06,14.140000343322754
2017-09-07,14.680000305175781
2017-09-08,14.720000267028809
2017-09-11,14.9399995803833
2017-09-12,14.979999542236328
2017-09-13,15.010000228881836
2017-09-14,15.109999656677246
2017-09-15,15.220000267028809
2017-09-18,15.300000190734863
2017-09-19,15.359999656677246
2017-09-20,15.1899995803833
2017-09-21,15.220000267028809
2017-09-22,15.380000114440918
2017-09-25,15.119999885559082
2017-09-26,15.170000076293945
2017-09-27,15.399999618530273
2017-09-28,15.359999656677246
2017-09-29,15.4399995803833
2017-10-02,15.739999771118164
2017-10-03,15.680000305175781
2017-10-04,15.800000190734863
2017-10-05,15.710000038146973
2017-10-06,15.789999961853027
2017-10-10,15.619999885559082
2017-10-11,15.569999694824219
2017-10-12,15.460000038146973
2017-10-13,15.539999961853027
2017-10-16,15.6899995803833
2017-10-17,15.420000076293945
2017-10-18,15.350000381469727
2017-10-19,15.149999618530273
2017-10-20,15.520000457763672
2017-10-23,15.5600004196167
2017-10-24,15.5
2017-10-25,15.329999923706055
2017-10-26,15.289999961853027
2017-10-27,13.800000190734863
2017-10-30,13.390000343322754
2017-10-31,12.949999809265137
2017-11-01,12.949999809265137
2017-11-02,12.680000305175781
2017-11-03,12.800000190734863
2017-11-06,13.260000228881836
2017-11-07,12.9399995803833
2017-11-08,13.1899995803833
2017-11-09,13.380000114440918
2017-11-10,13.380000114440918
2017-11-13,13.550000190734863
2017-11-14,13.510000228881836
2017-11-15,13.449999809265137
2017-11-16,13.550000190734863
2017-11-17,13.6899995803833
2017-11-20,13.770000457763672
2017-11-21,13.640000343322754
2017-11-22,13.710000038146973
2017-11-23,13.720000267028809
2017-11-24,13.760000228881836
2017-11-27,13.640000343322754
2017-11-28,13.770000457763672
2017-11-29,13.680000305175781
2017-11-30,14.0
2017-12-01,13.449999809265137
2017-12-04,13.40999984741211
2017-12-05,13.220000267028809
2017-12-06,13.170000076293945
2017-12-07,13.15999984741211
2017-12-08,13.170000076293945
2017-12-11,13.319999694824219
2017-12-12,13.300000190734863
2017-12-13,13.289999961853027
2017-12-14,13.15999984741211
2017-12-15,13.390000343322754
2017-12-18,13.5
2017-12-19,13.600000381469727
2017-12-20,13.699999809265137
2017-12-21,13.489999771118164
2017-12-22,13.40999984741211
2017-12-27,13.210000038146973
2017-12-28,13.130000114440918
2017-12-29,13.180000305175781
